key,employeeCode,languages,key:airline,moment,bio,salary,photoLink,key:userAccount
assistance-agent-01,JMC123456,Español,airline-001,2021/04/23 18:00,Test bio,EUR 100.00,https://www.google.es,user-account-assistance-agent-01
assistance-agent-02,ATC000000,Español,airline-002,2021/04/23 18:00,Test bio,EUR 0.00,https://www.google.es,user-account-assistance-agent-02
assistance-agent-03,ALA111111,Español,airline-003,2021/04/23 18:00,Test bio,EUR 0.00,https://www.google.es,user-account-manager-03
assistance-agent-04,MTA000000,Español,airline-004,2021/04/23 18:00,Test bio,EUR 0.00,https://www.google.es,user-account-assistance-agent-03
assistance-agent-05,MTA000001,Español,airline-005,2021/04/23 18:00,Test bio,EUR 0.00,https://www.google.es,user-account-assistance-agent-04
assistance-agent-06,MTZ999999,Español,airline-006,2021/04/23 18:00,Test bio,EUR 0.00,https://www.google.es,user-account-assistance-agent-05
assistance-agent-07,MTZ999998,Español,airline-007,2021/04/23 18:00,Test bio,EUR 0.00,https://www.google.es,user-account-assistance-agent-06
assistance-agent-08,MTA000004,Español,airline-008,2021/04/23 18:00,Test bio,EUR 0.00,https://www.google.es,user-account-assistance-agent-07
assistance-agent-09,MTA000005,Español,airline-009,2021/04/23 18:00,Test bio,EUR 0.00,https://www.google.es,user-account-assistance-agent-08
assistance-agent-10,MTA000006,Español,airline-010,2021/04/23 18:00,Test bio,EUR 0.00,https://www.google.es,user-account-assistance-agent-09
assistance-agent-11,MTA000007,"Lorem ipsum dolor sit amet, consectetur adipiscing elit. Sed do: eiusmod tempor incididunt ut labore et dolore magna aliqua! Ut*",airline-001,2021/04/23 18:00,Test bio,EUR 0.00,https://www.google.es,user-account-assistance-agent-10
assistance-agent-12,MTA000008,L,airline-001,2021/04/23 18:00,Test bio,EUR 0.00,https://www.google.es,user-account-assistance-agent-11
assistance-agent-13,MTA000009,LO,airline-001,2021/04/23 18:00,Test bio,EUR 0.00,https://www.google.es,user-account-assistance-agent-12
assistance-agent-14,MTA000010,"Lorem ipsum dolor sit amet, consectetur adipiscing elit. Sed do: eiusmod tempor incididunt ut labore et dolore magna aliqua! Ut enim ad minim veniam? Quis nostrud exercitation ullamco laboris nisi ut aliquip ex ea commodo consequat. Duis aute irure dolor",airline-001,2021/04/23 18:00,Test bio,EUR 0.00,https://www.google.es,user-account-assistance-agent-13
assistance-agent-15,MTA000011,"Lorem ipsum dolor sit amet, consectetur adipiscing elit. Sed do: eiusmod tempor incididunt ut labore et dolore magna aliqua! Ut enim ad minim veniam? Quis nostrud exercitation ullamco laboris nisi ut aliquip ex ea commodo consequat. Duis aute irure dolor*",airline-001,2021/04/23 18:00,Test bio,EUR 0.00,https://www.google.es,user-account-assistance-agent-14
assistance-agent-16,MTA000012,โลเร็ม อิปซัม,airline-001,2021/04/23 18:00,Test bio,EUR 0.00,https://www.google.es,user-account-assistance-agent-15
assistance-agent-17,MTA000013,لوريم إيبسوم,airline-001,2021/04/23 18:00,Test bio,EUR 0.00,https://www.google.es,user-account-assistance-agent-16
assistance-agent-18,MTA000014,洛伦·伊普森,airline-001,2021/04/23 18:00,Test bio,EUR 0.00,https://www.google.es,user-account-assistance-agent-17
assistance-agent-19,MTA000015,<marquee>Hacked</marquee>,airline-001,2021/04/23 18:00,Test bio,EUR 0.00,https://www.google.es,user-account-assistance-agent-18
assistance-agent-20,MTA000016,"<script>alert(‘Hacked!’),</script>",airline-001,2021/04/23 18:00,Test bio,EUR 0.00,https://www.google.es,user-account-assistance-agent-19
assistance-agent-21,MTA000017,' or 'A' = 'A,airline-001,2021/04/23 18:00,Test bio,EUR 0.00,https://www.google.es,user-account-assistance-agent-20
assistance-agent-22,MTA000018,http://lorem.com/ipsum,airline-001,2021/04/23 18:00,Test bio,EUR 0.00,https://www.google.es,user-account-assistance-agent-21
assistance-agent-23,MTA000019,ftp://a,airline-001,2021/04/23 18:00,Test bio,EUR 0.00,https://www.google.es,user-account-assistance-agent-22
assistance-agent-24,MTA000020,ftp://a.b,airline-001,2021/04/23 18:00,Test bio,EUR 0.00,https://www.google.es,user-account-assistance-agent-23
assistance-agent-25,MTA000021,"http://www.lorem-ipsum.org/dolor/sit/amet,/consectetur/adipiscing/elit,/sed/do/eiusmod/tempor/incididunt/ut/labore/et/dolore/magna/aliqua/Ut/enim/ad/minim/veniam/quis/nostrud/exercitation/ullamco/laboris/nisi/ut/aliquip/ex/ea/commodo/consequat/duis/aute/",airline-001,2021/04/23 18:00,Test bio,EUR 0.00,https://www.google.es,user-account-assistance-agent-24
assistance-agent-26,MTA000022,"http://www.lorem-ipsum.org/dolor/sit/amet,/consectetur/adipiscing/elit,/sed/do/eiusmod/tempor/incididunt/ut/labore/et/dolore/magna/aliqua/Ut/enim/ad/minim/veniam/quis/nostrud/exercitation/ullamco/laboris/nisi/ut/aliquip/ex/ea/commodo/consequat/duis/aute/X",airline-001,2021/04/23 18:00,Test bio,EUR 0.00,https://www.google.es,user-account-assistance-agent-25
assistance-agent-27,MTA000023,https://www.lorem-ipsum.org,airline-001,2021/04/23 18:00,Test bio,EUR 0.00,https://www.google.es,user-account-assistance-agent-26
assistance-agent-28,MTA000024,ftp://www.lorem-ipsum.org,airline-001,2021/04/23 18:00,Test bio,EUR 0.00,https://www.google.es,user-account-assistance-agent-27
assistance-agent-29,MTA000025,http://www.lorem-ipsum.org/dolor/sit.html,airline-001,2021/04/23 18:00,Test bio,EUR 0.00,https://www.google.es,user-account-assistance-agent-28
assistance-agent-30,MTA000026,http://www.lorem-ipsum.org/dolor/sit.html#dolor,airline-001,2021/04/23 18:00,Test bio,EUR 0.00,https://www.google.es,user-account-assistance-agent-29
assistance-agent-31,MTA000027,http://example.org?a=1&b=2,airline-001,2021/04/23 18:00,Test bio,EUR 0.00,https://www.google.es,user-account-assistance-agent-30
assistance-agent-32,MTA000028,http://example.org?,airline-001,2021/04/23 18:00,Test bio,EUR 0.00,https://www.google.es,user-account-assistance-agent-31
assistance-agent-33,MTA000029,http://example.org?a,airline-001,2021/04/23 18:00,Test bio,EUR 0.00,https://www.google.es,user-account-assistance-agent-32
assistance-agent-34,MTA000030,http://example.org?a&b,airline-001,2021/04/23 18:00,Test bio,EUR 0.00,https://www.google.es,user-account-assistance-agent-33
assistance-agent-35,MTA000031,http://example.org/,airline-001,2021/04/23 18:00,Test bio,EUR 0.00,https://www.google.es,user-account-assistance-agent-34
assistance-agent-36,MTA000032,http://example.org/a,airline-001,2021/04/23 18:00,Test bio,EUR 0.00,https://www.google.es,user-account-assistance-agent-35
assistance-agent-37,MTA000033,http://example.org/a/b,airline-001,2021/04/23 18:00,Test bio,EUR 0.00,https://www.google.es,user-account-assistance-agent-36
assistance-agent-38,MTA000034,http://example.org/a/b?,airline-001,2021/04/23 18:00,Test bio,EUR 0.00,https://www.google.es,user-account-assistance-agent-37
assistance-agent-39,MTA000035,http://example.org/a/b?a&b,airline-001,2021/04/23 18:00,Test bio,EUR 0.00,https://www.google.es,user-account-assistance-agent-38
assistance-agent-40,MTA000036,acme@lorem-ipsum.org,airline-001,2021/04/23 18:00,Test bio,EUR 0.00,https://www.google.es,user-account-assistance-agent-39
assistance-agent-41,MTA000037,acme:password@lorem-ipsum.org,airline-001,2021/04/23 18:00,Test bio,EUR 0.00,https://www.google.es,user-account-assistance-agent-40
assistance-agent-42,MTA000038,a@b.e,airline-001,2021/04/23 18:00,Test bio,EUR 0.00,https://www.google.es,user-account-assistance-agent-41
assistance-agent-43,MTA000039,a@b.es,airline-001,2021/04/23 18:00,Test bio,EUR 0.00,https://www.google.es,user-account-assistance-agent-42
assistance-agent-44,MTA000040,a@b.esx,airline-001,2021/04/23 18:00,Test bio,EUR 0.00,https://www.google.es,user-account-assistance-agent-43
assistance-agent-45,MTA000041,lorem-ipsum@dolor.sit.amet.consectetur.adipiscing.elit.sed.do.eiusmod.tempor.incididunt.ut.labore.et.dolore.magna.aliqua.Ut.enim.ad.minim.veniam.quis.nostrud.exercitation.ullamco.laboris.nisi.ut.aliquip.ex.ea.commodo.consequat.duis.aute.irure.doloris.edu,airline-001,2021/04/23 18:00,Test bio,EUR 0.00,https://www.google.es,user-account-assistance-agent-44
assistance-agent-46,MTA000042,lorem-ipsum@dolor.sit.amet.consectetur.adipiscing.elit.sed.do.eiusmod.tempor.incididunt.ut.labore.et.dolore.magna.aliqua.Ut.enim.ad.minim.veniam.quis.nostrud.exercitation.ullamco.laboris.nisi.ut.aliquip.ex.ea.commodo.consequat.duis.aute.irure.dolor.es.org,airline-001,2021/04/23 18:00,Test bio,EUR 0.00,https://www.google.es,user-account-assistance-agent-45
assistance-agent-47,MTA000043,Español,airline-001,2021/04/23 18:00,Test bio,EUR 0.00,https://www.google.es,user-account-assistance-agent-46
assistance-agent-48,MTA000044,Español,airline-001,2021/04/23 18:00,Test bio,EUR 0.00,https://www.google.es,user-account-assistance-agent-47
assistance-agent-49,MTA000045,Español,airline-001,2021/04/23 18:00,Test bio,EUR 0.00,https://www.google.es,user-account-assistance-agent-48
assistance-agent-50,MTA000046,Español,airline-001,2021/04/23 18:00,Test bio,EUR 0.00,https://www.google.es,user-account-assistance-agent-49
assistance-agent-51,MTA000047,Español,airline-001,2021/04/23 18:00,Test bio,EUR 0.00,https://www.google.es,user-account-assistance-agent-50
assistance-agent-52,MTA000048,Español,airline-001,2021/04/23 18:00,Test bio,EUR 0.00,https://www.google.es,user-account-assistance-agent-51
assistance-agent-53,MTA000049,Español,airline-001,2021/04/23 18:00,Test bio,EUR 0.00,https://www.google.es,user-account-assistance-agent-52
assistance-agent-54,MTA000050,Español,airline-001,2021/04/23 18:00,Test bio,EUR 0.00,https://www.google.es,user-account-assistance-agent-53
assistance-agent-55,MTA000051,Español,airline-001,2021/04/23 18:00,Test bio,EUR 0.00,https://www.google.es,user-account-assistance-agent-54
assistance-agent-56,MTA000052,Español,airline-001,2021/04/23 18:00,Test bio,EUR 0.00,https://www.google.es,user-account-assistance-agent-55
assistance-agent-57,MTA000053,Español,airline-001,2021/04/23 18:00,Test bio,EUR 0.00,https://www.google.es,user-account-assistance-agent-56
assistance-agent-58,MTA000054,Español,airline-001,2021/04/23 18:00,Test bio,EUR 0.00,https://www.google.es,user-account-assistance-agent-57
assistance-agent-59,MTA000055,Español,airline-001,2021/04/23 18:00,Test bio,EUR 0.00,https://www.google.es,user-account-assistance-agent-58
assistance-agent-60,MTA000056,Español,airline-001,2021/04/23 18:00,Test bio,EUR 0.00,https://www.google.es,user-account-assistance-agent-59
assistance-agent-61,MTA000057,Español,airline-001,2021/04/23 18:00,Test bio,EUR 0.00,https://www.google.es,user-account-assistance-agent-60
assistance-agent-62,MTA000058,Español,airline-001,2021/04/23 18:00,Test bio,EUR 0.00,https://www.google.es,user-account-assistance-agent-61
assistance-agent-63,MTA000059,Español,airline-001,2021/04/23 18:00,Test bio,EUR 0.00,https://www.google.es,user-account-assistance-agent-62
assistance-agent-64,MTA000060,Español,airline-001,2021/04/23 18:00,Test bio,EUR 0.00,https://www.google.es,user-account-assistance-agent-63
assistance-agent-65,MTA000061,Español,airline-001,2021/04/23 18:00,Test bio,EUR 0.00,https://www.google.es,user-account-assistance-agent-64
assistance-agent-66,MTA000062,Español,airline-001,2021/04/23 18:00,Test bio,EUR 0.00,https://www.google.es,user-account-assistance-agent-65
assistance-agent-67,MTA000063,Español,airline-001,2021/04/23 18:00,Test bio,EUR 0.00,https://www.google.es,user-account-assistance-agent-66
assistance-agent-68,MTA000064,Español,airline-001,2021/04/23 18:00,Test bio,EUR 0.00,https://www.google.es,user-account-assistance-agent-67
assistance-agent-69,MTA000065,Español,airline-001,2021/04/23 18:00,Test bio,EUR 0.00,https://www.google.es,user-account-assistance-agent-68
assistance-agent-70,MTA000066,Español,airline-001,2021/04/23 18:00,Test bio,EUR 0.00,https://www.google.es,user-account-assistance-agent-69
assistance-agent-71,MTA000067,Español,airline-001,2021/04/23 18:00,Test bio,EUR 0.00,https://www.google.es,user-account-assistance-agent-70
assistance-agent-72,MTA000068,Español,airline-001,2021/04/23 18:00,Test bio,EUR 0.00,https://www.google.es,user-account-assistance-agent-71
assistance-agent-73,MTA000069,Español,airline-001,2021/04/23 18:00,Test bio,EUR 0.00,https://www.google.es,user-account-assistance-agent-72
assistance-agent-74,MTA000070,Español,airline-001,2021/04/23 18:00,Test bio,EUR 0.00,https://www.google.es,user-account-assistance-agent-73
assistance-agent-75,MTA000071,Español,airline-001,2021/04/23 18:00,Test bio,EUR 0.00,https://www.google.es,user-account-assistance-agent-74
assistance-agent-76,MTA000072,Español,airline-001,2021/04/23 18:00,Test bio,EUR 0.00,https://www.google.es,user-account-assistance-agent-75
assistance-agent-77,MTA000073,Español,airline-001,2021/04/23 18:00,Test bio,EUR 0.00,https://www.google.es,user-account-assistance-agent-76
assistance-agent-78,MTA000074,Español,airline-001,2021/04/23 18:00,Test bio,EUR 0.00,https://www.google.es,user-account-assistance-agent-77
assistance-agent-79,MTA000075,Español,airline-001,2021/04/23 18:00,Test bio,EUR 0.00,https://www.google.es,user-account-assistance-agent-78
assistance-agent-80,MTA000076,Español,airline-001,2021/04/23 18:00,Test bio,EUR 0.00,https://www.google.es,user-account-assistance-agent-79
assistance-agent-81,MTA000077,Español,airline-001,2021/04/23 18:00,Test bio,EUR 0.00,https://www.google.es,user-account-assistance-agent-80
assistance-agent-82,MTA000078,Español,airline-001,2021/04/23 18:00,Test bio,EUR 0.00,https://www.google.es,user-account-assistance-agent-81
assistance-agent-83,MTA000079,Español,airline-001,2022/07/30 0:00,Test bio,EUR 0.00,https://www.google.es,user-account-assistance-agent-82
assistance-agent-84,MTA000080,Español,airline-001,2022/07/29 23:59,Test bio,EUR 0.00,https://www.google.es,user-account-assistance-agent-83
assistance-agent-85,MTA000081,Español,airline-001,2000/01/01 0:00,Test bio,EUR 0.00,https://www.google.es,user-account-assistance-agent-84
assistance-agent-86,MTA000082,Español,airline-001,2000/01/01 0:01,Test bio,EUR 0.00,https://www.google.es,user-account-assistance-agent-85
assistance-agent-87,MTA000083,Español,airline-001,2021/04/23 18:00,,EUR 0.00,https://www.google.es,user-account-assistance-agent-86
assistance-agent-88,MTA000084,Español,airline-001,2021/04/23 18:00,"Lorem ipsum dolor sit amet, consectetur adipiscing elit. Sed do: eiusmod tempor incididunt ut labore et dolore magna aliqua! Ut*",EUR 0.00,https://www.google.es,user-account-assistance-agent-87
assistance-agent-89,MTA000085,Español,airline-001,2021/04/23 18:00,L,EUR 0.00,https://www.google.es,user-account-assistance-agent-88
assistance-agent-90,MTA000086,Español,airline-001,2021/04/23 18:00,LO,EUR 0.00,https://www.google.es,user-account-assistance-agent-89
assistance-agent-91,MTA000087,Español,airline-001,2021/04/23 18:00,"Lorem ipsum dolor sit amet, consectetur adipiscing elit. Sed do: eiusmod tempor incididunt ut labore et dolore magna aliqua! Ut enim ad minim veniam? Quis nostrud exercitation ullamco laboris nisi ut aliquip ex ea commodo consequat. Duis aute irure dolor",EUR 0.00,https://www.google.es,user-account-assistance-agent-90
assistance-agent-92,MTA000088,Español,airline-001,2021/04/23 18:00,"Lorem ipsum dolor sit amet, consectetur adipiscing elit. Sed do: eiusmod tempor incididunt ut labore et dolore magna aliqua! Ut enim ad minim veniam? Quis nostrud exercitation ullamco laboris nisi ut aliquip ex ea commodo consequat. Duis aute irure dolor*",EUR 0.00,https://www.google.es,user-account-assistance-agent-91
assistance-agent-93,MTA000089,Español,airline-001,2021/04/23 18:00,โลเร็ม อิปซัม,EUR 0.00,https://www.google.es,user-account-assistance-agent-92
assistance-agent-94,MTA000090,Español,airline-001,2021/04/23 18:00,لوريم إيبسوم,EUR 0.00,https://www.google.es,user-account-assistance-agent-93
assistance-agent-95,MTA000091,Español,airline-001,2021/04/23 18:00,洛伦·伊普森,EUR 0.00,https://www.google.es,user-account-assistance-agent-94
assistance-agent-96,MTA000092,Español,airline-001,2021/04/23 18:00,<marquee>Hacked</marquee>,EUR 0.00,https://www.google.es,user-account-assistance-agent-95
assistance-agent-97,MTA000093,Español,airline-001,2021/04/23 18:00,"<script>alert(‘Hacked!’),</script>",EUR 0.00,https://www.google.es,user-account-assistance-agent-96
assistance-agent-98,MTA000094,Español,airline-001,2021/04/23 18:00,' or 'A' = 'A,EUR 0.00,https://www.google.es,user-account-assistance-agent-97
assistance-agent-99,MTA000095,Español,airline-001,2021/04/23 18:00,http://lorem.com/ipsum,EUR 0.00,https://www.google.es,user-account-assistance-agent-98
assistance-agent-100,MTA000096,Español,airline-001,2021/04/23 18:00,ftp://a,EUR 0.00,https://www.google.es,user-account-assistance-agent-99
assistance-agent-101,MTA000097,Español,airline-001,2021/04/23 18:00,ftp://a.b,EUR 0.00,https://www.google.es,user-account-assistance-agent-100
assistance-agent-102,MTA000098,Español,airline-001,2021/04/23 18:00,"http://www.lorem-ipsum.org/dolor/sit/amet,/consectetur/adipiscing/elit,/sed/do/eiusmod/tempor/incididunt/ut/labore/et/dolore/magna/aliqua/Ut/enim/ad/minim/veniam/quis/nostrud/exercitation/ullamco/laboris/nisi/ut/aliquip/ex/ea/commodo/consequat/duis/aute/",EUR 0.00,https://www.google.es,user-account-assistance-agent-101
assistance-agent-103,MTA000099,Español,airline-001,2021/04/23 18:00,"http://www.lorem-ipsum.org/dolor/sit/amet,/consectetur/adipiscing/elit,/sed/do/eiusmod/tempor/incididunt/ut/labore/et/dolore/magna/aliqua/Ut/enim/ad/minim/veniam/quis/nostrud/exercitation/ullamco/laboris/nisi/ut/aliquip/ex/ea/commodo/consequat/duis/aute/X",EUR 0.00,https://www.google.es,user-account-assistance-agent-102
assistance-agent-104,MTA000100,Español,airline-001,2021/04/23 18:00,https://www.lorem-ipsum.org,EUR 0.00,https://www.google.es,user-account-assistance-agent-103
assistance-agent-105,MTA000101,Español,airline-001,2021/04/23 18:00,ftp://www.lorem-ipsum.org,EUR 0.00,https://www.google.es,user-account-assistance-agent-104
assistance-agent-106,MTA000102,Español,airline-001,2021/04/23 18:00,http://www.lorem-ipsum.org/dolor/sit.html,EUR 0.00,https://www.google.es,user-account-assistance-agent-105
assistance-agent-107,MTA000103,Español,airline-001,2021/04/23 18:00,http://www.lorem-ipsum.org/dolor/sit.html#dolor,EUR 0.00,https://www.google.es,user-account-assistance-agent-106
assistance-agent-108,MTA000104,Español,airline-001,2021/04/23 18:00,http://example.org?a=1&b=2,EUR 0.00,https://www.google.es,user-account-assistance-agent-107
assistance-agent-109,MTA000105,Español,airline-001,2021/04/23 18:00,http://example.org?,EUR 0.00,https://www.google.es,user-account-assistance-agent-108
assistance-agent-110,MTA000106,Español,airline-001,2021/04/23 18:00,http://example.org?a,EUR 0.00,https://www.google.es,user-account-assistance-agent-109
assistance-agent-111,MTA000107,Español,airline-001,2021/04/23 18:00,http://example.org?a&b,EUR 0.00,https://www.google.es,user-account-assistance-agent-110
assistance-agent-112,MTA000108,Español,airline-001,2021/04/23 18:00,http://example.org/,EUR 0.00,https://www.google.es,user-account-assistance-agent-111
assistance-agent-113,MTA000109,Español,airline-001,2021/04/23 18:00,http://example.org/a,EUR 0.00,https://www.google.es,user-account-assistance-agent-112
assistance-agent-114,MTA000110,Español,airline-001,2021/04/23 18:00,http://example.org/a/b,EUR 0.00,https://www.google.es,user-account-assistance-agent-113
assistance-agent-115,MTA000111,Español,airline-001,2021/04/23 18:00,http://example.org/a/b?,EUR 0.00,https://www.google.es,user-account-assistance-agent-114
assistance-agent-116,MTA000112,Español,airline-001,2021/04/23 18:00,http://example.org/a/b?a&b,EUR 0.00,https://www.google.es,user-account-assistance-agent-115
assistance-agent-117,MTA000113,Español,airline-001,2021/04/23 18:00,acme@lorem-ipsum.org,EUR 0.00,https://www.google.es,user-account-assistance-agent-116
assistance-agent-118,MTA000114,Español,airline-001,2021/04/23 18:00,acme:password@lorem-ipsum.org,EUR 0.00,https://www.google.es,user-account-assistance-agent-117
assistance-agent-119,MTA000115,Español,airline-001,2021/04/23 18:00,a@b.e,EUR 0.00,https://www.google.es,user-account-assistance-agent-118
assistance-agent-120,MTA000116,Español,airline-001,2021/04/23 18:00,a@b.es,EUR 0.00,https://www.google.es,user-account-assistance-agent-119
assistance-agent-121,MTA000117,Español,airline-001,2021/04/23 18:00,a@b.esx,EUR 0.00,https://www.google.es,user-account-assistance-agent-120
assistance-agent-122,MTA000118,Español,airline-001,2021/04/23 18:00,lorem-ipsum@dolor.sit.amet.consectetur.adipiscing.elit.sed.do.eiusmod.tempor.incididunt.ut.labore.et.dolore.magna.aliqua.Ut.enim.ad.minim.veniam.quis.nostrud.exercitation.ullamco.laboris.nisi.ut.aliquip.ex.ea.commodo.consequat.duis.aute.irure.doloris.edu,EUR 0.00,https://www.google.es,user-account-assistance-agent-121
assistance-agent-123,MTA000119,Español,airline-001,2021/04/23 18:00,lorem-ipsum@dolor.sit.amet.consectetur.adipiscing.elit.sed.do.eiusmod.tempor.incididunt.ut.labore.et.dolore.magna.aliqua.Ut.enim.ad.minim.veniam.quis.nostrud.exercitation.ullamco.laboris.nisi.ut.aliquip.ex.ea.commodo.consequat.duis.aute.irure.dolor.es.org,EUR 0.00,https://www.google.es,user-account-assistance-agent-122
assistance-agent-124,MTA000120,Español,airline-001,2021/04/23 18:00,Test bio,EUR 500000.00,https://www.google.es,user-account-assistance-agent-123
assistance-agent-125,MTA000121,Español,airline-001,2021/04/23 18:00,Test bio,EUR 0.00,https://www.google.es,user-account-assistance-agent-124
assistance-agent-126,MTA000122,Español,airline-001,2021/04/23 18:00,Test bio,EUR 0.01,https://www.google.es,user-account-assistance-agent-125
assistance-agent-127,MTA000123,Español,airline-001,2021/04/23 18:00,Test bio,EUR 999999.99,https://www.google.es,user-account-assistance-agent-126
assistance-agent-128,MTA000124,Español,airline-001,2021/04/23 18:00,Test bio,EUR 1000000.00,https://www.google.es,user-account-assistance-agent-127
assistance-agent-129,MTA000125,Español,airline-001,2021/04/23 18:00,Test bio,EUR 0.00,,user-account-assistance-agent-128
assistance-agent-130,MTA000126,Español,airline-001,2021/04/23 18:00,Test bio,EUR 0.00,http://lorem.com/ipsum,user-account-assistance-agent-129
assistance-agent-131,MTA000127,Español,airline-001,2021/04/23 18:00,Test bio,EUR 0.00,http://lorem.com/ipsum,user-account-assistance-agent-130
assistance-agent-132,MTA000128,Español,airline-001,2021/04/23 18:00,Test bio,EUR 0.00,http://lorem.com/ipsum,user-account-assistance-agent-131
assistance-agent-133,MTA000129,Español,airline-001,2021/04/23 18:00,Test bio,EUR 0.00,"http://www.lorem-ipsum.org/dolor/sit/amet,/consectetur/adipiscing/elit,/sed/do/eiusmod/tempor/incididunt/ut/labore/et/dolore/magna/aliqua/Ut/enim/ad/minim/veniam/quis/nostrud/exercitation/ullamco/laboris/nisi/ut/aliquip/ex/ea/commodo/consequat/duis/aute/",user-account-assistance-agent-132
assistance-agent-134,MTA000130,Español,airline-001,2021/04/23 18:00,Test bio,EUR 0.00,"http://www.lorem-ipsum.org/dolor/sit/amet,/consectetur/adipiscing/elit,/sed/do/eiusmod/tempor/incididunt/ut/labore/et/dolore/magna/aliqua/Ut/enim/ad/minim/veniam/quis/nostrud/exercitation/ullamco/laboris/nisi/ut/aliquip/ex/ea/commodo/consequat/duis/aute/X",user-account-assistance-agent-133
assistance-agent-135,MTA000131,Español,airline-001,2021/04/23 18:00,Test bio,EUR 0.00,https://www.lorem-ipsum.org,user-account-assistance-agent-134
assistance-agent-136,MTA000132,Español,airline-001,2021/04/23 18:00,Test bio,EUR 0.00,http://lorem.com/ipsum,user-account-assistance-agent-135
assistance-agent-137,MTA000133,Español,airline-001,2021/04/23 18:00,Test bio,EUR 0.00,http://www.lorem-ipsum.org/dolor/sit.html,user-account-assistance-agent-136
assistance-agent-138,MTA000134,Español,airline-001,2021/04/23 18:00,Test bio,EUR 0.00,http://www.lorem-ipsum.org/dolor/sit.html#dolor,user-account-assistance-agent-137
assistance-agent-139,MTA000135,Español,airline-001,2021/04/23 18:00,Test bio,EUR 0.00,http://example.org?a=1&b=2,user-account-assistance-agent-138
assistance-agent-140,MTA000136,Español,airline-001,2021/04/23 18:00,Test bio,EUR 0.00,http://example.org?,user-account-assistance-agent-139
assistance-agent-141,MTA000137,Español,airline-001,2021/04/23 18:00,Test bio,EUR 0.00,http://example.org?a,user-account-assistance-agent-140
assistance-agent-142,MTA000138,Español,airline-001,2021/04/23 18:00,Test bio,EUR 0.00,http://example.org?a&b,user-account-assistance-agent-141
assistance-agent-143,MTA000139,Español,airline-001,2021/04/23 18:00,Test bio,EUR 0.00,http://example.org/,user-account-assistance-agent-142
assistance-agent-144,MTA000140,Español,airline-001,2021/04/23 18:00,Test bio,EUR 0.00,http://example.org/a,user-account-assistance-agent-143
assistance-agent-145,MTA000141,Español,airline-001,2021/04/23 18:00,Test bio,EUR 0.00,http://example.org/a/b,user-account-assistance-agent-144
assistance-agent-146,MTA000142,Español,airline-001,2021/04/23 18:00,Test bio,EUR 0.00,http://example.org/a/b?,user-account-assistance-agent-145
assistance-agent-147,MTA000143,Español,airline-001,2021/04/23 18:00,Test bio,EUR 0.00,http://example.org/a/b?a&b,user-account-assistance-agent-146
